﻿<Prefab>
  <Constants>

    <Constant Name="Stat.Width" Value="175" />
    <Constant Name="Stat.Height" Value="65" />

    <Constant Name="Stat.Name.Height" Value="100" />
    <Constant Name="Stat.Bar.HorizontalMargin" Value="10" />
  </Constants>
  <Window>

    <Widget WidthSizePolicy="StretchToParent" HeightSizePolicy="CoverChildren" IsVisible="@ShowStats" MarginTop="20">
      <Children>

        <!-- Comparing Bars -->
        <ListPanel Id="StatsList" DataSource="{CurrentSelectedDiplomacyItem\Stats}" WidthSizePolicy="CoverChildren" HeightSizePolicy="CoverChildren" LayoutImp.LayoutMethod="VerticalBottomToTop" >
          <ItemTemplate>
            <ListPanel WidthSizePolicy="StretchToParent" HeightSizePolicy="CoverChildren" LayoutImp.LayoutMethod="VerticalBottomToTop">
              <Children>
                <TextWidget WidthSizePolicy="StretchToParent" HeightSizePolicy="CoverChildren" SuggestedHeight="!Stat.Name.Height" Brush="Kingdom.Wars.Stat.Name.Text" Text="@Name" />
                <ListPanel WidthSizePolicy="CoverChildren" HeightSizePolicy="Fixed" SuggestedHeight="!Stat.Height" HorizontalAlignment="Center" MarginLeft="10" MarginRight="10" MarginTop="5">
                  <Children>

                    <!-- Faction 1 Bar -->
                    <FillBarHorizontalWidget WidthSizePolicy="Fixed" HeightSizePolicy="Fixed" SuggestedWidth="400" SuggestedHeight="35" HorizontalAlignment="Center" Sprite="BlankWhiteSquare_9" Brush.Color="#00000040" FillWidget="FillWidget" InitialAmount="@Faction1Percentage" IsDirectionUpward="false" MaxAmount="100">
                      <Children>
                        <Widget Id="FillWidget" WidthSizePolicy="Fixed" HeightSizePolicy="StretchToParent" Sprite="BlankWhiteSquare_9" Brush.AlphaFactor="0.5" Brush.Color="@Faction1Color">
                          <Children>
                            <TextWidget WidthSizePolicy="CoverChildren" HeightSizePolicy="CoverChildren" VerticalAlignment="Center" PositionXOffset="-60" MarginTop="5" Brush="Kingdom.Wars.Stat.Value.Text" ClipContents="false" IntText="@Faction1Value" />
                          </Children>
                        </Widget>
                      </Children>
                    </FillBarHorizontalWidget>
                    <Widget WidthSizePolicy="Fixed" HeightSizePolicy="Fixed" SuggestedWidth="2" SuggestedHeight="35" Sprite="SPKingdom\Diplomacy\bar_seperator" />

                    <!-- Faction 2 Bar -->
                    <FillBarHorizontalWidget WidthSizePolicy="Fixed" HeightSizePolicy="Fixed" SuggestedWidth="400" SuggestedHeight="35" HorizontalAlignment="Center" Sprite="BlankWhiteSquare_9" Brush.Color="#00000040" FillWidget="FillWidget" InitialAmount="@Faction2Percentage" IsDirectionRightward="true" MaxAmount="100">
                      <Children>
                        <Widget Id="FillWidget" WidthSizePolicy="Fixed" HeightSizePolicy="StretchToParent" Sprite="BlankWhiteSquare_9" Brush.AlphaFactor="0.5" Brush.Color="@Faction2Color">
                          <Children>
                            <TextWidget WidthSizePolicy="CoverChildren" HeightSizePolicy="CoverChildren" HorizontalAlignment="Right" VerticalAlignment="Center" PositionXOffset="60" MarginTop="5" Brush="Kingdom.Wars.Stat.Value.Text" ClipContents="false" IntText="@Faction2Value" />
                          </Children>
                        </Widget>
                      </Children>
                    </FillBarHorizontalWidget>

                    <!-- Empty Vertical Space Widget -->

                    <!-- <Widget WidthSizePolicy="StretchToParent" HeightSizePolicy="Fixed" SuggestedHeight="!Stat.Name.Height" /> -->
                  </Children>
                </ListPanel>
              </Children>
            </ListPanel>
          </ItemTemplate>
        </ListPanel>

      </Children>
    </Widget>
  </Window>
</Prefab>